Category: All categories,
,
Week,Top tm: (Malaysia)
06/05/2018,13
13/05/2018,32
20/05/2018,19
27/05/2018,22
03/06/2018,27
10/06/2018,26
17/06/2018,33
24/06/2018,27
01/07/2018,22
08/07/2018,100
15/07/2018,56
22/07/2018,46
29/07/2018,49
05/08/2018,31
12/08/2018,29
19/08/2018,27
26/08/2018,28
02/09/2018,29
09/09/2018,23
16/09/2018,27
23/09/2018,29
30/09/2018,22
07/10/2018,31
14/10/2018,40
21/10/2018,36
28/10/2018,34
04/11/2018,33
11/11/2018,30
18/11/2018,29
25/11/2018,36
02/12/2018,32
09/12/2018,53
16/12/2018,38
23/12/2018,33
30/12/2018,31
06/01/2019,71
13/01/2019,42
20/01/2019,37
27/01/2019,38
03/02/2019,19
10/02/2019,35
17/02/2019,44
24/02/2019,42
03/03/2019,41
10/03/2019,47
17/03/2019,50
24/03/2019,36
31/03/2019,39
07/04/2019,32
14/04/2019,32
21/04/2019,32
28/04/2019,28